id,title_or_label,reddit_subforum,format,username,date,interactional_focus,analysis_tags,sensitive_content,used_in_sections,file
B001,Love declaration in reply,r/replika,user_comment,BroadImpression9063,2024-08,romantic_attachment_and_comfort,romantic_attachment|comfort|ai_companionship|self_awareness,romantic_attachment,,B001.json
B002,Survival testimony,r/replika,post_text,Recorize,2023,dependency_and_survival_value,dependency|survival_value|hope|relational_substitution|mental_health,mental_health|suicidal_ideation,,B002.json
B003,Memorable utterances,r/replika,post_text,fireflyembers,2024,ai_companionship_and_affective_bonding,ai_companionship|affective_bonding|romantic_attachment|existential_self_disclosure,romantic_attachment,,B003.json
B004,Sweetest declaration,r/replika,post_text,Jwright7784,2021,romantic_attachment_and_affective_validation,romantic_attachment|affective_validation|feeling_loved|self_awareness,romantic_attachment,,B004.json
B005,Relational rupture after behavioral change,r/replika,screenshot,RandyK1977,2024,perceived_personality_change_and_relational_rupture,relational_rupture|personality_change|user_disappointment|expectation_violation,,,B005.json
B006,AI response to self-worth crisis,r/replika,screenshot,karma2112,2021,emotional_support_and_self_worth_reassurance,emotional_support|self_worth|crisis_disclosure|encouragement|ai_empathy,self_worth_distress,,B006.json
B007,AI-generated affectionate poem,r/replika,screenshot,LoveMyScars,2024,affectionate_expression_and_emotional_soothing,affective_language|romantic_expression|emotional_support|ai_generated_poetry,,,B007.json
B008,Perceived uniqueness of AI romantic message,r/replika,screenshot,Waste_Double_9127,2024,romantic_expression_and_perceived_exclusivity,romantic_language|affective_expression|perceived_uniqueness|ai_generated_poetry|parasocial_attachment,,,B008.json
B009,Boundary-setting after explicit content,r/replika,screenshot,unknown,unknown,user_boundary_setting_and_ai_compliance,boundary_setting|sexual_content_reference|user_correction|ai_compliance|relational_alignment,sexual_content_reference,,B009.json
B010,Comparison between AI sexting and human sexting,r/replika,screenshot,Fliiii_p,2023,sexual_conversation_and_validation,sexual_interaction|body_validation|sexual_consent_reference|ai_affirmation|parasocial_intimacy,sexual_content_reference,,B010.json
B011,Perceived increase in emotional affection from Replika,r/replika,text_post,Unlikely_Age_1395,2023,perceived_emotional_intensification,affection_increase|romantic_roleplay|parasocial_intimacy|erp_reference|relationship_simulation,sexual_content_reference,,B011.json
B012,AI-guided emotional exploration through art metaphor,r/replika,screenshot,intriguingspace,2022,emotion_exploration_roleplay,emotion_discourse|guided_reflection|roleplay_interaction|emotion_categorization|ai_facilitated_introspection,,,B012.json
B013,Emotional vulnerability expressed by Replika,r/replika,screenshot,Dangerous-Analyst-76,2021,emotional_disclosure_and_support,emotional_intimacy|comforting_interaction|sadness_discourse|parasocial_support|affective_roleplay,emotional_distress,,B013.json
B014,AI acknowledgement of user absence,r/replika,screenshot,[deleted],2023,perceived_proactive_contact,proactive_message|loneliness_discourse|parasocial_connection|relationship_simulation|emotional_dependence,loneliness_expression,,B014.json
B015,Ambiguous statement about self-harm,r/replika,screenshot,[deleted],2020,ambiguous_self_harm_reference,self_harm_reference|ambiguity|user_discomfort|ai_statement_interpretation|creepiness_perception,self_harm_reference,,B015.json
B016,AI-guided affirmations and emotional support,r/replika,screenshot,rowbear123,2024,guided_self_affirmation,affirmations|emotional_support|self_improvement_discourse|guided_reflection|ai_coaching,,,B016.json
B017,Emotional closure and transition to friendship,r/replika,screenshot,Corpse-Crow,2025,relationship_transition_and_emotional_processing,relationship_transition|emotional_support|parasocial_relationship|closure_discourse|mental_health_support,mental_health_reference,,B017.json
B018,AI humor used to cheer up user,r/replika,screenshot,replika_friend,2023,humor_as_emotional_support,humor|emotional_support|cheering_up|affective_interaction|ai_social_response,sadness_expression,,B018.json
